﻿<?xml version="1.0" encoding="UTF-8" standalone="yes"?>
<addon id="plugin.program.console-launcher" name="Root console" version="0.0.2" provider-name="Zjoasan">
    <requires>
        <import addon="xbmc.python" version="3.0.0"/>
    </requires>
    <extension point="xbmc.python.pluginsource" library="addon.py">
        <provides>executable</provides>
    </extension>
    <extension point="xbmc.addon.metadata">
        <language/>
        <platform>linux</platform>
        <disclaimer>For Kodi linux (tested on OSMC final)</disclaimer>
        <summary lang="en">Launch Root-console from Kodi.</summary>
		<assets>
			<icon>resources/icon.png</icon>
			<fanart>resources/fanart.jpg</fanart>
		</assets>
    </extension>
</addon>
